<?xml version="1.0" encoding="UTF-8"?>
<beans xmlns="http://www.springframework.org/schema/beans"
	xmlns:xsi="http://www.w3.org/2001/XMLSchema-instance" xmlns:aop="http://www.springframework.org/schema/aop"
	xmlns:tx="http://www.springframework.org/schema/tx"
	xsi:schemaLocation="
       http://www.springframework.org/schema/beans http://www.springframework.org/schema/beans/spring-beans-3.0.xsd
       http://www.springframework.org/schema/tx http://www.springframework.org/schema/tx/spring-tx-3.0.xsd
       http://www.springframework.org/schema/aop http://www.springframework.org/schema/aop/spring-aop-3.0.xsd">

	<bean id="dataSourceJDBC" class="com.mchange.v2.c3p0.ComboPooledDataSource"
		destroy-method="close">	
		<property name="driverClass" value="org.postgresql.Driver"/>
		<property name="jdbcUrl" value="jdbc:postgresql://localhost:5432/recommender" />
		<property name="user" value="marco" />
		<property name="password" value="marco" />
		<property name="minPoolSize" value="1"/>
		<!-- Pool configuration -->
		<property name="initialPoolSize" value="10" />
		<property name="maxPoolSize" value="20" />
		<property name="maxIdleTime" value="10" />
		<property name="checkoutTimeout" value="5000" />
		
		<property name="idleConnectionTestPeriod" value="60" />
		<property name="maxStatements" value="10" />
		<property name="preferredTestQuery" value="select 1;" />

	</bean>

	<tx:annotation-driven transaction-manager="transactionManager"
		mode="proxy" />

	<!--
		Transaction manager for a single Hibernate SessionFactory (alternative
		to JTA)
	-->
	<bean id="transactionManager"
		class="org.springframework.orm.hibernate3.HibernateTransactionManager" depends-on="databaseInitialization">
		<property name="sessionFactory">
			<ref local="sessionFactory" />
		</property>
	</bean>
	<!-- Hibernate SessionFactory -->
	<bean id="sessionFactory"
		class="org.springframework.orm.hibernate3.annotation.AnnotationSessionFactoryBean">
		<property name="packagesToScan"
			value="com.rwth.recommender" />

		<property name="dataSource">
			<ref local="dataSourceJDBC" />
		</property>

		<property name="configurationClass" value="org.hibernate.cfg.AnnotationConfiguration" />

		<property name="hibernateProperties">

			<props>

				<!-- Disable the second-level cache  -->
				<prop key="hibernate.cache.region.factory_class">net.sf.ehcache.hibernate.SingletonEhCacheRegionFactory</prop>
				<prop key="hibernate.generate_statistics">false</prop>

				<!-- query cache-->
				<prop key="hibernate.cache.use_query_cache">true</prop>
				<prop key="hibernate.default_batch_fetch_size">0</prop>

				<prop key="hibernate.hbm2ddl.auto">create</prop>
				<prop key="hibernate.dialect">org.hibernate.dialect.PostgreSQLDialect</prop>



			</props>
		</property>
	</bean>

</beans>